<?xml version="1.0" encoding="UTF-8"?>
<!DOCTYPE arbol SYSTEM "arbol.dtd"> 
<personas> 
<persona nombre = "Lucas"
apellidos="Martinez Rego"
fechaNacimiento="6/1/1987"
lugarNacimiento="Hospital Cabueñes"
coordenadasNacimiento="43°31′30.67″ N, 5°36′23.81″ W"
foto="as"
video="as"
comentario="Le gusta la ensalada"> 
    <padre
        
             nombre="Miguel"
             apellidos="Martínez Corros"
             fechaNacimiento="6/1/1987"
             lugarNacimiento="Hospital Cabueñes"
             coordenadasNacimiento="43°31′30.67″ N, 5°36′23.81″ W"
             foto="as"
             video="as"
             comentario="Le gusta mucho el deporte"
             >

<padre
    nombre="Celestino"
    apellidos="Martínez Corros"
    fechaNacimiento="6/1/1987"
    lugarNacimiento="Hospital Cabueñes"
    coordenadasNacimiento="43°31′30.67″ N, 5°36′23.81″ W"
    fechaFallecimiento="6/1/1987"
    lugarFallecimiento="Hospital Cabueñes"
    coordenadasFallecimiento="43°31′30.67″ N, 5°36′23.81″ W"
    foto="as"
    video="as"
    comentario="Le gusta mucho el deporte">
    </padre>
    <madre
    nombre="María"
    apellidos="Corros Fernandez"
    fechaNacimiento="6/1/1987"
    lugarNacimiento="Hospital Cabueñes"
    coordenadasNacimiento="43°31′30.67″ N, 5°36′23.81″ W"
    foto="as"
    video="as"
    comentario="Le gusta la ensalada">
    
</madre>
</padre>
                
<madre 
     nombre="Elisabet"
     apellidos="Rego Fernandez"
     fechaNacimiento="6/1/1987"
     lugarNacimiento="Hospital Cabueñes"
     coordenadasNacimiento="43°31′30.67″ N, 5°36′23.81″ W"
     foto="as"
     video="as"
     comentario="Le gusta la ensalada">
     <padre
     nombre="Pepe"
    apellidos="Martínez Corros"
    fechaNacimiento="6/1/1987"
    lugarNacimiento="Hospital Cabueñes"
    coordenadasNacimiento="43°31′30.67″ N, 5°36′23.81″ W"
    fechaFallecimiento="6/1/1987"
    lugarFallecimiento="Hospital Cabueñes"
    coordenadasFallecimiento="43°31′30.67″ N, 5°36′23.81″ W"
    foto="as"
    video="as"
    comentario="Le gusta mucho el deporte">
     </padre>
     <madre
     nombre="Pilar"
     apellidos="Rego Fernandez"
     fechaNacimiento="6/1/1987"
     lugarNacimiento="Hospital Cabueñes"
     coordenadasNacimiento="43°31′30.67″ N, 5°36′23.81″ W"
     foto="as"
     video="as"
     comentario="Le gusta la ensalada">
 </madre>
    
</madre>
</persona>

</personas>
